Profile Name,Title Name,Country,Utc Title Add Date
Mamãe,Mowgli: Legend of the Jungle,Brazil,2019-03-23
Xandin Careca,The Woman in the Window,Brazil,2021-05-16
Xandin Careca,"Money, Explained",Brazil,2021-05-16
Xandin Careca,Catch Me If You Can,Brazil,2021-05-05
Xandin Careca,The Laundromat,Brazil,2021-05-05
Xandin Careca,This Is a Robbery: The World's Biggest Art Heist,Brazil,2021-04-16
Xandin Careca,Run,Brazil,2021-04-04
Xandin Careca,Baby Driver,Brazil,2021-04-02
Xandin Careca,M8 - When Death Rescues Life,Brazil,2021-03-10
Xandin Careca,Fear City: New York vs The Mafia,Brazil,2021-03-08
Xandin Careca,Sankofa - A África Que Te Habita,Brazil,2021-02-27
Xandin Careca,Nobody's Looking,Brazil,2021-02-27
Xandin Careca,Unorthodox,Brazil,2021-02-27
Xandin Careca,The Aviator,Brazil,2021-02-27
Xandin Careca,Paranoid,Brazil,2021-02-26
Xandin Careca,The Dig,Brazil,2021-01-31
Xandin Careca,La Révolution,Brazil,2021-01-26
Xandin Careca,The Coldest Game,Brazil,2021-01-17
Xandin Careca,Buster's Mal Heart,Brazil,2021-01-17
Xandin Careca,Dirk Gently's Holistic Detective Agency,Brazil,2021-01-16
Xandin Careca,Lupin,Brazil,2021-01-10
Xandin Careca,Lost Girls,Brazil,2020-12-02
Xandin Careca,Hillbilly Elegy,Brazil,2020-12-02
Xandin Careca,The Irishman,Brazil,2020-11-11
Xandin Careca,The Theory of Everything,Brazil,2020-11-11
Xandin Careca,About Time,Brazil,2020-10-28
Xandin Careca,It,Brazil,2020-10-22
Xandin Careca,Mary Shelley,Brazil,2020-10-20
Xandin Careca,Lucifer,Brazil,2020-10-19
Xandin Careca,The Trial of the Chicago 7,Brazil,2020-10-17
Xandin Careca,Lost in Translation,Brazil,2020-10-17
Xandin Careca,Scent of a Woman,Brazil,2020-10-17
Xandin Careca,Lady Bird,Brazil,2020-10-03
Xandin Careca,The Man from U.N.C.L.E.,Brazil,2020-10-03
Xandin Careca,The Beguiled,Brazil,2020-09-27
Xandin Careca,A Series of Unfortunate Events,Brazil,2020-09-17
Xandin Careca,I'm Thinking of Ending Things,Brazil,2020-09-15
Xandin Careca,The Umbrella Academy,Brazil,2020-09-15
Xandin Careca,(Un)Well,Brazil,2020-09-01
Xandin Careca,How to Sell Drugs Online (Fast),Brazil,2020-08-16
Xandin Careca,Connected,Brazil,2020-08-14
Xandin Careca,The Good Place,Brazil,2020-08-10
Xandin Careca,1983,Brazil,2020-07-12
Xandin Careca,Perfume,Brazil,2020-07-12
Xandin Careca,The Change-Up,Brazil,2020-07-12
Xandin Careca,Back to the Future,Brazil,2020-07-10
Xandin Careca,Desperados,Brazil,2020-07-10
Xandin Careca,The Spy,Brazil,2020-07-07
Xandin Careca,Inception,Brazil,2020-07-07
Xandin Careca,Inside Bill's Brain: Decoding Bill Gates,Brazil,2020-07-04
Xandin Careca,The Last Days of American Crime,Brazil,2020-06-13
Xandin Careca,The Truman Show,Brazil,2020-06-13
Xandin Careca,Da 5 Bloods,Brazil,2020-06-13
Xandin Careca,Snowpiercer,Brazil,2020-06-01
Xandin Careca,Public Enemies,Brazil,2020-05-31
Xandin Careca,Legend,Brazil,2020-05-31
Xandin Careca,La La Land,Brazil,2020-05-04
Xandin Careca,Travelers,Brazil,2020-05-04
Xandin Careca,The Curse of Oak Island,Brazil,2020-05-04
Xandin Careca,High Seas,Brazil,2020-05-04
Xandin Careca,Inside the Freemasons,Brazil,2020-05-04
Papai,Money Heist,Brazil,2019-07-26
Akish Caxumba,Don't Watch This,Brazil,2019-07-18
Allan bunda mole,Mystery Lab,Brazil,2020-08-12
Allan bunda mole,Rick and Morty,Brazil,2020-04-22
Allan bunda mole,Community,Brazil,2020-04-22
Allan bunda mole,Deepak Chopra: The Seven Spiritual Laws of Success,Brazil,2019-09-17
Allan bunda mole,What Dreams May Come,Brazil,2019-09-17
Allan bunda mole,Tony Robbins: I Am Not Your Guru,Brazil,2019-09-17
Allan bunda mole,Seven Years in Tibet,Brazil,2019-09-17
Allan bunda mole,Abstract: The Art of Design,Brazil,2019-09-07
Allan bunda mole,Narcos: Mexico,Brazil,2019-05-30
Allan bunda mole,Narcos,Brazil,2019-05-30
Allan bunda mole,The Big Short,Brazil,2019-05-11
Allan bunda mole,Abstract: The Art of Design,Brazil,2019-04-19
Allan bunda mole,Irmão do Jorel,Brazil,2019-04-19
Allan bunda mole,Sherlock,Brazil,2019-04-19
Allan bunda mole,One Strange Rock,Brazil,2019-04-14
Allan bunda mole,Brooklyn Nine-Nine,Brazil,2019-04-04
Allan bunda mole,The OA,Brazil,2019-03-31
Allan bunda mole,Sex Education,Brazil,2019-03-24
